2018_Nor_Northern Ireland_Autumn Half Term Holidays,2018-10-31
2018_Nor_Northern Ireland_Autumn Half Term Holidays,2018-11-01
2018_Nor_Northern Ireland_Autumn Half Term Holidays,2018-11-02
2018_Nor_Northern Ireland_Autumn Half Term Holidays,2018-11-03
2018_Nor_Northern Ireland_Winter Holidays,2018-12-24
2018_Nor_Northern Ireland_Winter Holidays,2018-12-25
2018_Nor_Northern Ireland_Winter Holidays,2018-12-26
2018_Nor_Northern Ireland_Winter Holidays,2018-12-27
2018_Nor_Northern Ireland_Winter Holidays,2018-12-28
2018_Nor_Northern Ireland_Winter Holidays,2018-12-29
2018_Nor_Northern Ireland_Winter Holidays,2018-12-30
2018_Nor_Northern Ireland_Winter Holidays,2018-12-31
2018_Nor_Northern Ireland_Winter Holidays,2019-01-01
2018_Nor_Northern Ireland_Winter Holidays,2019-01-02
2019_Nor_Northern Ireland_August Bank Holiday,2019-08-26
2019_Nor_Northern Ireland_August Bank Holiday,2019-08-27
2019_Nor_Northern Ireland_Battle of the Boyne,2019-07-12
2019_Nor_Northern Ireland_Battle of the Boyne,2019-07-13
2019_Nor_Northern Ireland_Boxing Day,2019-12-26
2019_Nor_Northern Ireland_Boxing Day,2019-12-27
2019_Nor_Northern Ireland_Christmas Day,2019-12-25
2019_Nor_Northern Ireland_Christmas Day,2019-12-26
2019_Nor_Northern Ireland_Easter Monday,2019-04-22
2019_Nor_Northern Ireland_Easter Monday,2019-04-23
2019_Nor_Northern Ireland_Good Friday,2019-04-19
2019_Nor_Northern Ireland_Good Friday,2019-04-20
2019_Nor_Northern Ireland_Late May Bank Holiday,2019-05-27
2019_Nor_Northern Ireland_Late May Bank Holiday,2019-05-28
2019_Nor_Northern Ireland_May Day,2019-05-06
2019_Nor_Northern Ireland_May Day,2019-05-07
2019_Nor_Northern Ireland_New Year's Day,2019-01-01
2019_Nor_Northern Ireland_New Year's Day,2019-01-02
2019_Nor_Northern Ireland_Saint Patrick's Day,2019-03-17
2019_Nor_Northern Ireland_Saint Patrick's Day,2019-03-18
2019_Nor_Northern Ireland_Spring Half Term Holidays,2019-02-18
2019_Nor_Northern Ireland_Spring Half Term Holidays,2019-02-19
2019_Nor_Northern Ireland_Spring Half Term Holidays,2019-02-20
2019_Nor_Northern Ireland_Spring Holidays,2019-04-18
2019_Nor_Northern Ireland_Spring Holidays,2019-04-19
2019_Nor_Northern Ireland_Spring Holidays,2019-04-20
2019_Nor_Northern Ireland_Spring Holidays,2019-04-21
2019_Nor_Northern Ireland_Spring Holidays,2019-04-22
2019_Nor_Northern Ireland_Spring Holidays,2019-04-23
2019_Nor_Northern Ireland_Spring Holidays,2019-04-24
2019_Nor_Northern Ireland_Spring Holidays,2019-04-25
2019_Nor_Northern Ireland_Spring Holidays,2019-04-26
2019_Nor_Northern Ireland_Spring Holidays,2019-04-27
2019_Nor_Northern Ireland_St Patrick's Day Holiday,2019-03-18
2019_Nor_Northern Ireland_St Patrick's Day Holiday,2019-03-19
2019_Nor_Northern Ireland_Summer Holidays,2019-07-01
2019_Nor_Northern Ireland_Summer Holidays,2019-07-02
2019_Nor_Northern Ireland_Summer Holidays,2019-07-03
2019_Nor_Northern Ireland_Summer Holidays,2019-07-04
2019_Nor_Northern Ireland_Summer Holidays,2019-07-05
2019_Nor_Northern Ireland_Summer Holidays,2019-07-06
2019_Nor_Northern Ireland_Summer Holidays,2019-07-07
2019_Nor_Northern Ireland_Summer Holidays,2019-07-08
2019_Nor_Northern Ireland_Summer Holidays,2019-07-09
2019_Nor_Northern Ireland_Summer Holidays,2019-07-10
2019_Nor_Northern Ireland_Summer Holidays,2019-07-11
2019_Nor_Northern Ireland_Summer Holidays,2019-07-12
2019_Nor_Northern Ireland_Summer Holidays,2019-07-13
2019_Nor_Northern Ireland_Summer Holidays,2019-07-14
2019_Nor_Northern Ireland_Summer Holidays,2019-07-15
2019_Nor_Northern Ireland_Summer Holidays,2019-07-16
2019_Nor_Northern Ireland_Summer Holidays,2019-07-17
2019_Nor_Northern Ireland_Summer Holidays,2019-07-18
2019_Nor_Northern Ireland_Summer Holidays,2019-07-19
2019_Nor_Northern Ireland_Summer Holidays,2019-07-20
2019_Nor_Northern Ireland_Summer Holidays,2019-07-21
2019_Nor_Northern Ireland_Summer Holidays,2019-07-22
2019_Nor_Northern Ireland_Summer Holidays,2019-07-23
2019_Nor_Northern Ireland_Summer Holidays,2019-07-24
2019_Nor_Northern Ireland_Summer Holidays,2019-07-25
2019_Nor_Northern Ireland_Summer Holidays,2019-07-26
2019_Nor_Northern Ireland_Summer Holidays,2019-07-27
2019_Nor_Northern Ireland_Summer Holidays,2019-07-28
2019_Nor_Northern Ireland_Summer Holidays,2019-07-29
2019_Nor_Northern Ireland_Summer Holidays,2019-07-30
2019_Nor_Northern Ireland_Summer Holidays,2019-07-31
2019_Nor_Northern Ireland_Summer Holidays,2019-08-01
2019_Nor_Northern Ireland_Summer Holidays,2019-08-02
2019_Nor_Northern Ireland_Summer Holidays,2019-08-03
2019_Nor_Northern Ireland_Summer Holidays,2019-08-04
2019_Nor_Northern Ireland_Summer Holidays,2019-08-05
2019_Nor_Northern Ireland_Summer Holidays,2019-08-06
2019_Nor_Northern Ireland_Summer Holidays,2019-08-07
2019_Nor_Northern Ireland_Summer Holidays,2019-08-08
2019_Nor_Northern Ireland_Summer Holidays,2019-08-09
2019_Nor_Northern Ireland_Summer Holidays,2019-08-10
2019_Nor_Northern Ireland_Summer Holidays,2019-08-11
2019_Nor_Northern Ireland_Summer Holidays,2019-08-12
2019_Nor_Northern Ireland_Summer Holidays,2019-08-13
2019_Nor_Northern Ireland_Summer Holidays,2019-08-14
2019_Nor_Northern Ireland_Summer Holidays,2019-08-15
2019_Nor_Northern Ireland_Summer Holidays,2019-08-16
2019_Nor_Northern Ireland_Summer Holidays,2019-08-17
2019_Nor_Northern Ireland_Summer Holidays,2019-08-18
2019_Nor_Northern Ireland_Summer Holidays,2019-08-19
2019_Nor_Northern Ireland_Summer Holidays,2019-08-20
2019_Nor_Northern Ireland_Summer Holidays,2019-08-21
2019_Nor_Northern Ireland_Summer Holidays,2019-08-22
2019_Nor_Northern Ireland_Summer Holidays,2019-08-23
2019_Nor_Northern Ireland_Summer Holidays,2019-08-24
2019_Nor_Northern Ireland_Summer Holidays,2019-08-25
2019_Nor_Northern Ireland_Summer Holidays,2019-08-26
2019_Nor_Northern Ireland_Summer Holidays,2019-08-27
2019_Nor_Northern Ireland_Summer Holidays,2019-08-28
2019_Nor_Northern Ireland_Summer Holidays,2019-08-29
2019_Nor_Northern Ireland_Summer Holidays,2019-08-30
2019_Nor_Northern Ireland_Summer Holidays,2019-08-31
2020_Nor_Northern Ireland_August Bank Holiday,2020-08-31
2020_Nor_Northern Ireland_August Bank Holiday,2020-09-01
2020_Nor_Northern Ireland_Battle of the Boyne,2020-07-12
2020_Nor_Northern Ireland_Battle of the Boyne,2020-07-13
2020_Nor_Northern Ireland_Boxing Day,2020-12-26
2020_Nor_Northern Ireland_Boxing Day,2020-12-27
2020_Nor_Northern Ireland_Boxing Day Holiday,2020-12-28
2020_Nor_Northern Ireland_Boxing Day Holiday,2020-12-29
2020_Nor_Northern Ireland_Christmas Day,2020-12-25
2020_Nor_Northern Ireland_Christmas Day,2020-12-26
2020_Nor_Northern Ireland_Easter Monday,2020-04-13
2020_Nor_Northern Ireland_Easter Monday,2020-04-14
2020_Nor_Northern Ireland_Good Friday,2020-04-10
2020_Nor_Northern Ireland_Good Friday,2020-04-11
2020_Nor_Northern Ireland_Late May Bank Holiday,2020-05-25
2020_Nor_Northern Ireland_Late May Bank Holiday,2020-05-26
2020_Nor_Northern Ireland_May Day,2020-05-04
2020_Nor_Northern Ireland_May Day,2020-05-05
2020_Nor_Northern Ireland_New Year's Day,2020-01-01
2020_Nor_Northern Ireland_New Year's Day,2020-01-02
2020_Nor_Northern Ireland_Saint Patrick's Day,2020-03-17
2020_Nor_Northern Ireland_Saint Patrick's Day,2020-03-18
